id,branch
4,ECE
22,CSE
29,CSE
32,EEE
34,ECE
55,ECE
65,EEE
66,ECE
76,EEE
96,ECE
108,ECE
111,CSE
118,ECE
147,ECE
157,ECE
165,CSE
166,ECE
175,ECE
176,CSE
188,CSE
196,EEE
199,EEE
202,EEE
223,CSE
237,CSE
239,CSE
240,CSE
241,EEE
245,CSE
246,CSE
253,EEE
258,CSE
260,ECE
266,CSE
267,EEE
268,EEE
270,EEE
271,CSE
272,CSE
274,ECE
282,ECE
294,CSE
295,EEE
307,CSE
308,EEE
312,ECE
314,CSE
336,ECE
343,ECE
346,CSE
350,EEE
352,CSE
358,ECE
359,EEE
375,ECE
380,ECE
382,EEE
390,EEE
394,ECE
396,EEE
397,ECE
400,CSE
401,EEE
402,CSE
405,ECE
408,ECE
411,EEE
413,ECE
414,ECE
418,EEE
423,ECE
431,EEE
439,ECE
445,ECE
446,CSE
448,CSE
455,EEE
466,EEE
478,CSE
488,ECE
491,ECE
493,ECE
498,CSE
502,ECE
503,EEE
510,CSE
514,CSE
519,ECE
520,EEE
525,EEE
528,CSE
530,CSE
531,EEE
534,EEE
551,EEE
552,CSE
554,EEE
558,EEE
559,ECE
567,ECE
572,CSE
574,EEE
581,CSE
583,ECE
585,ECE
590,EEE
598,EEE
600,ECE
602,CSE
605,EEE
608,CSE
609,CSE
614,ECE
616,EEE
625,ECE
626,ECE
627,EEE
633,EEE
641,EEE
645,EEE
646,EEE
652,ECE
656,ECE
663,CSE
665,CSE
672,EEE
676,ECE
688,CSE
697,ECE
699,ECE
701,ECE
702,EEE
716,ECE
719,CSE
743,ECE
744,EEE
760,CSE
761,ECE
766,CSE
802,EEE
804,EEE
807,EEE
808,ECE
811,CSE
814,ECE
817,EEE
821,EEE
824,CSE
829,CSE
831,ECE
834,EEE
840,ECE
847,CSE
850,ECE
857,ECE
858,ECE
861,CSE
863,ECE
866,CSE
869,EEE
877,ECE
879,EEE
892,EEE
894,CSE
895,ECE
897,CSE
901,ECE
903,EEE
905,CSE
908,ECE
915,ECE
919,CSE
924,ECE
935,ECE
939,CSE
943,EEE
950,ECE
957,CSE
972,CSE
977,EEE
979,EEE
984,CSE
989,ECE
993,EEE
1000,ECE
1003,CSE
1006,CSE
1023,CSE
1024,CSE
1031,CSE
1033,ECE
1035,ECE
1039,ECE
1041,EEE
1060,EEE
1073,CSE
1074,ECE
1084,CSE
1092,CSE
1093,CSE
1094,CSE
1096,EEE
1097,CSE
1098,ECE
1099,CSE
1102,EEE
1104,EEE
1106,ECE
1108,CSE
1117,ECE
1120,CSE
1129,ECE
1134,EEE
1137,CSE
1144,CSE
1146,CSE
1150,ECE
1151,CSE
1167,ECE
1172,ECE
1181,EEE
1185,EEE
1188,EEE
1193,ECE
1194,EEE
1195,ECE
1200,CSE
1205,ECE
1208,CSE
1214,ECE
1215,ECE
1218,ECE
1223,EEE
1233,ECE
1236,ECE
1237,EEE
1249,EEE
1256,ECE
1257,EEE
1259,EEE
1263,EEE
1265,CSE
1269,CSE
1282,EEE
1285,EEE
1286,EEE
1289,CSE
1294,EEE
1296,CSE
1302,EEE
1308,CSE
1311,EEE
1313,ECE
1318,EEE
1323,ECE
1332,CSE
1334,EEE
1346,ECE
1349,CSE
1354,EEE
1357,CSE
1359,CSE
1360,EEE
1361,EEE
1368,ECE
1374,EEE
1375,EEE
1385,ECE
1387,EEE
1399,CSE
1411,CSE
1417,CSE
1418,CSE
1421,EEE
1422,EEE
1426,ECE
1428,EEE
1433,EEE
1441,EEE
1444,CSE
1450,ECE
1454,EEE
1460,ECE
1467,EEE
1469,CSE
1470,CSE
1476,EEE
1479,ECE
1480,CSE
1482,EEE
1484,EEE
1486,EEE
1491,ECE
1493,CSE
1494,ECE
1497,EEE
1507,CSE
1518,EEE
1519,ECE
1520,EEE
1523,EEE
1528,ECE
1542,CSE
1551,ECE
1557,CSE
1561,CSE
1571,EEE
1575,CSE
1576,ECE
1578,CSE
1579,EEE
1593,EEE
1598,CSE
1600,EEE
1603,ECE
1608,CSE
1618,CSE
1628,ECE
1630,ECE
1635,CSE
1647,EEE
1648,CSE
1651,CSE
1653,ECE
1661,ECE
1666,EEE
1668,CSE
1670,ECE
1671,CSE
1672,EEE
1681,EEE
1688,EEE
1692,CSE
1706,ECE
1713,CSE
1717,EEE
1725,EEE
1733,ECE
1753,ECE
1758,ECE
1760,EEE
1763,ECE
1769,EEE
1772,EEE
1773,EEE
1779,ECE
1780,EEE
1783,ECE
1784,EEE
1790,ECE
1791,EEE
1798,CSE
1803,EEE
1806,EEE
1809,EEE
1814,EEE
1816,ECE
1824,ECE
1828,CSE
1834,CSE
1841,ECE
1844,ECE
1856,ECE
1862,ECE
1863,EEE
1865,CSE
1867,CSE
1888,CSE
1893,ECE
1895,ECE
1898,ECE
1904,CSE
1906,ECE
1909,ECE
1911,EEE
1917,ECE
1930,EEE
1940,ECE
1941,ECE
1942,CSE
1944,CSE
1946,EEE
1953,CSE
1962,EEE
1965,EEE
1973,EEE
1977,EEE
1979,CSE
1986,CSE
1988,CSE
1995,EEE
2004,CSE
2005,ECE
2007,ECE
2008,EEE
2009,ECE
2010,CSE
2024,ECE
2025,EEE
2027,ECE
2028,EEE
2032,EEE
2034,CSE
2037,ECE
2038,EEE
2039,ECE
2044,ECE
2050,CSE
2051,EEE
2058,EEE
2070,ECE
2072,ECE
2073,CSE
2075,CSE
2084,CSE
2086,CSE
2095,CSE
2096,CSE
2097,CSE
2101,CSE
2118,ECE
2134,EEE
2137,CSE
2139,CSE
2146,ECE
2147,EEE
2158,CSE
2168,EEE
2169,ECE
2173,CSE
2176,EEE
2178,EEE
2183,EEE
2185,ECE
2191,CSE
2199,EEE
2203,CSE
2204,CSE
2207,EEE
2213,EEE
2214,CSE
2220,EEE
2224,EEE
2234,ECE
2235,CSE
2236,CSE
2249,EEE
2251,ECE
2254,EEE
2259,EEE
2264,CSE
2265,ECE
2269,ECE
2271,EEE
2272,EEE
2276,CSE
2282,CSE
2285,CSE
2292,CSE
2294,CSE
2296,CSE
2305,CSE
2307,EEE
2314,EEE
2324,EEE
2330,CSE
2367,ECE
2375,CSE
2381,ECE
2388,CSE
2389,ECE
2392,EEE
2399,EEE
2402,CSE
2406,EEE
2419,EEE
2428,CSE
2430,EEE
2432,ECE
2437,ECE
2439,EEE
2441,CSE
2442,CSE
2457,CSE
2461,EEE
2462,CSE
2464,CSE
2471,ECE
2477,ECE
2486,EEE
2500,ECE
2502,EEE
2504,EEE
2507,CSE
2516,EEE
2525,CSE
2526,CSE
2542,ECE
2548,CSE
2555,ECE
2556,CSE
2562,ECE
2579,EEE
2586,EEE
2587,CSE
2591,CSE
2599,ECE
2601,CSE
2603,ECE
2612,CSE
2623,EEE
2624,EEE
2626,EEE
2630,CSE
2631,ECE
2637,CSE
2640,ECE
2641,ECE
2642,CSE
2643,ECE
2645,ECE
2657,ECE
2661,CSE
2662,ECE
2674,ECE
2676,ECE
2678,ECE
2686,CSE
2702,ECE
2704,CSE
2707,EEE
2708,ECE
2709,CSE
2713,CSE
2715,CSE
2717,ECE
2718,ECE
2722,CSE
2725,CSE
2732,CSE
2737,EEE
2739,ECE
2741,CSE
2750,CSE
2756,EEE
2763,EEE
2773,ECE
2775,CSE
2778,CSE
2783,CSE
2797,CSE
2804,ECE
2808,ECE
2809,CSE
2810,EEE
2811,CSE
2813,ECE
2818,EEE
2826,ECE
2833,ECE
2845,ECE
2848,CSE
2854,ECE
2863,CSE
2867,ECE
2869,EEE
2872,EEE
2882,ECE
2883,CSE
2884,EEE
2887,CSE
2888,CSE
2889,EEE
2896,EEE
2904,ECE
2905,ECE
2918,CSE
2937,EEE
2940,ECE
2953,CSE
2956,ECE
2960,ECE
2962,EEE
2964,ECE
2972,ECE
2976,CSE
2977,EEE
3001,ECE
3004,CSE
3012,CSE
3019,EEE
3020,CSE
3031,CSE
3034,EEE
3035,CSE
3041,EEE
3043,EEE
3051,CSE
3054,ECE
3063,EEE
3069,CSE
3074,EEE
3087,ECE
3096,CSE
3120,EEE
3124,EEE
3127,EEE
3146,ECE
3147,EEE
3150,ECE
3157,CSE
3159,ECE
3164,ECE
3165,ECE
3167,ECE
3168,ECE
3175,EEE
3181,ECE
3182,ECE
3188,EEE
3197,EEE
3199,ECE
3206,EEE
3209,ECE
3213,CSE
3217,EEE
3221,CSE
3226,ECE
3241,ECE
3247,EEE
3249,ECE
3255,ECE
3277,EEE
3281,ECE
3282,EEE
3285,CSE
3289,ECE
3293,CSE
3296,ECE
3303,CSE
3306,CSE
3310,ECE
3315,EEE
3317,ECE
3320,ECE
3322,ECE
3328,CSE
3335,ECE
3337,CSE
3338,EEE
3353,CSE
3354,CSE
3355,ECE
3358,ECE
3363,EEE
3369,EEE
3370,CSE
3388,CSE
3392,CSE
3393,ECE
3397,CSE
3404,ECE
3410,CSE
3418,ECE
3421,EEE
3436,ECE
3438,ECE
3441,EEE
3447,CSE
3454,ECE
3463,ECE
3465,ECE
3466,EEE
3484,EEE
3485,ECE
3492,EEE
3494,EEE
3501,CSE
3502,CSE
3503,ECE
3511,EEE
3513,EEE
3518,EEE
3521,CSE
3527,ECE
3528,EEE
3532,CSE
3536,ECE
3542,ECE
3545,EEE
3546,EEE
3558,EEE
3565,ECE
3567,CSE
3570,CSE
3573,EEE
3581,ECE
3591,ECE
3593,EEE
3596,CSE
3598,ECE
3600,CSE
3609,EEE
3610,ECE
3611,ECE
3618,ECE
3622,CSE
3625,EEE
3627,CSE
3629,EEE
3630,CSE
3634,ECE
3635,ECE
3637,ECE
3644,ECE
3647,CSE
3648,EEE
3649,ECE
3652,EEE
3655,ECE
3656,CSE
3657,ECE
3663,CSE
3667,CSE
3672,CSE
3677,EEE
3685,CSE
3692,ECE
3694,EEE
3695,ECE
3701,CSE
3705,ECE
3713,CSE
3714,CSE
3718,CSE
3721,EEE
3740,CSE
3747,EEE
3748,EEE
3754,EEE
3772,CSE
3773,ECE
3780,CSE
3791,EEE
3793,CSE
3809,EEE
3819,EEE
3834,EEE
3838,EEE
3841,ECE
3843,CSE
3845,CSE
3855,ECE
3857,ECE
3861,EEE
3870,CSE
3874,EEE
3876,ECE
3877,ECE
3881,ECE
3882,CSE
3886,ECE
3892,CSE
3895,CSE
3900,CSE
3915,ECE
3921,CSE
3937,EEE
3940,CSE
3949,EEE
3952,CSE
3963,CSE
3966,EEE
3969,ECE
3971,CSE
3972,EEE
3986,EEE
3992,EEE
3997,EEE
4003,EEE
4011,EEE
4012,EEE
4014,EEE
4015,EEE
4023,EEE
4024,ECE
4026,CSE
4031,CSE
4042,EEE
4051,EEE
4054,EEE
4058,ECE
4060,CSE
4061,ECE
4064,EEE
4071,ECE
4074,ECE
4078,EEE
4093,ECE
4096,EEE
4117,EEE
4121,CSE
4127,ECE
4128,CSE
4133,ECE
4139,EEE
4140,CSE
4161,ECE
4175,ECE
4180,EEE
4186,CSE
4195,CSE
4201,EEE
4204,EEE
4219,CSE
4222,CSE
4225,EEE
4226,ECE
4232,CSE
4236,EEE
4241,ECE
4252,ECE
4256,EEE
4259,EEE
4272,ECE
4285,EEE
4288,CSE
4291,ECE
4292,EEE
4298,CSE
4299,EEE
4301,ECE
4303,ECE
4308,ECE
4314,CSE
4321,EEE
4331,ECE
4334,CSE
4338,CSE
4343,EEE
4346,ECE
4347,CSE
4352,EEE
4356,CSE
4357,CSE
4364,CSE
4368,ECE
4384,CSE
4388,EEE
4389,EEE
4391,EEE
4392,ECE
4396,CSE
4403,EEE
4405,ECE
4407,ECE
4417,ECE
4423,EEE
4425,ECE
4445,EEE
4446,ECE
4447,CSE
4448,ECE
4451,CSE
4452,ECE
4461,ECE
4463,ECE
4468,CSE
4480,EEE
4483,CSE
4485,ECE
4486,EEE
4496,EEE
4500,CSE
4501,EEE
4504,CSE
4510,EEE
4513,ECE
4515,ECE
4517,EEE
4529,ECE
4530,CSE
4532,EEE
4543,EEE
4556,EEE
4557,ECE
4560,ECE
4562,CSE
4566,ECE
4568,EEE
4582,EEE
4586,ECE
4589,EEE
4590,ECE
4592,CSE
4598,CSE
4603,CSE
4612,EEE
4620,EEE
4624,EEE
4631,EEE
4633,CSE
4636,ECE
4645,ECE
4648,ECE
4653,CSE
4660,CSE
4665,EEE
4676,CSE
4682,CSE
4686,ECE
4687,ECE
4698,CSE
4702,CSE
4705,ECE
4709,CSE
4712,CSE
4730,EEE
4735,EEE
4741,CSE
4744,EEE
4747,CSE
4751,CSE
4760,CSE
4761,ECE
4769,EEE
4772,CSE
4774,ECE
4781,EEE
4782,ECE
4789,EEE
4794,EEE
4796,ECE
4799,CSE
4800,EEE
4802,ECE
4811,EEE
4814,CSE
4820,EEE
4823,EEE
4824,CSE
4829,EEE
4835,CSE
4838,CSE
4847,CSE
4849,EEE
4857,CSE
4863,CSE
4865,CSE
4869,EEE
4870,ECE
4879,ECE
4881,EEE
4897,ECE
4899,CSE
4910,CSE
4913,ECE
4920,EEE
4921,ECE
4924,ECE
4932,EEE
4935,ECE
4936,EEE
4946,CSE
4952,CSE
4954,EEE
4959,EEE
4960,CSE
4964,CSE
4977,ECE
4985,EEE
4989,ECE
4991,ECE
4994,CSE
4995,EEE
4996,EEE
4998,ECE
5004,EEE
5013,CSE
5022,ECE
5024,EEE
5035,ECE
5037,EEE
5038,ECE
5041,ECE
5047,ECE
5055,CSE
5070,CSE
5074,CSE
5075,ECE
5079,CSE
5092,CSE
5095,ECE
5096,CSE
5099,EEE
5102,EEE
5104,EEE
5106,CSE
5110,ECE
5123,ECE
5126,EEE
5133,ECE
5134,EEE
5140,EEE
5144,ECE
5146,EEE
5156,EEE
5167,CSE
5173,ECE
5174,CSE
5176,ECE
5183,CSE
5188,CSE
5193,ECE
5201,CSE
5205,ECE
5211,CSE
5222,ECE
5233,ECE
5240,CSE
5244,EEE
5250,EEE
5258,ECE
5260,ECE
5265,ECE
5268,ECE
5271,CSE
5274,CSE
5277,EEE
5279,ECE
5283,EEE
5290,EEE
5299,EEE
5300,CSE
5304,EEE
5305,ECE
5310,CSE
5313,CSE
5315,CSE
5316,CSE
5318,CSE
5322,CSE
5323,EEE
5327,ECE
5330,EEE
5334,ECE
5338,ECE
5344,CSE
5346,EEE
5348,CSE
5353,EEE
5355,CSE
5357,ECE
5368,EEE
5371,EEE
5376,EEE
5377,EEE
5395,CSE
5396,CSE
5398,ECE
5404,CSE
5408,ECE
5419,EEE
5428,ECE
5430,ECE
5442,ECE
5443,EEE
5455,ECE
5477,CSE
5479,EEE
5482,EEE
5492,ECE
5503,EEE
5516,CSE
5518,CSE
5527,CSE
5530,ECE
5531,EEE
5534,EEE
5551,EEE
5552,ECE
5563,CSE
5570,ECE
5572,CSE
5573,ECE
5574,EEE
5579,CSE
5589,EEE
5592,EEE
5599,EEE
5604,EEE
5605,ECE
5610,ECE
5613,EEE
5622,CSE
5624,EEE
5626,ECE
5632,CSE
5642,CSE
5643,ECE
5661,ECE
5664,ECE
5665,CSE
5666,CSE
5681,EEE
5683,CSE
5684,CSE
5687,ECE
5689,CSE
5690,CSE
5691,ECE
5693,ECE
5697,ECE
5709,ECE
5713,CSE
5722,CSE
5724,CSE
5726,CSE
5728,EEE
5757,ECE
5761,ECE
5764,EEE
5766,CSE
5768,ECE
5779,CSE
5782,ECE
5783,CSE
5786,EEE
5797,EEE
5800,CSE
5809,CSE
5812,EEE
5825,EEE
5826,EEE
5833,CSE
5835,EEE
5839,EEE
5841,CSE
5846,EEE
5847,ECE
5848,CSE
5851,CSE
5853,ECE
5860,ECE
5861,EEE
5869,ECE
5876,EEE
5877,CSE
5879,ECE
5882,EEE
5893,CSE
5895,CSE
5897,CSE
5899,ECE
5912,ECE
5913,ECE
5916,CSE
5931,CSE
5942,ECE
5952,ECE
5968,CSE
5976,ECE
5994,CSE
6012,EEE
6024,EEE
6025,CSE
6030,ECE
6039,CSE
6040,ECE
6041,ECE
6047,EEE
6048,EEE
6053,ECE
6057,CSE
6060,EEE
6064,CSE
6069,CSE
6071,CSE
6075,ECE
6077,ECE
6085,ECE
6088,ECE
6097,CSE
6100,EEE
6104,ECE
6113,EEE
6114,ECE
6117,CSE
6121,EEE
6127,CSE
6133,CSE
6146,ECE
6149,CSE
6158,EEE
6165,ECE
6174,EEE
6176,CSE
6180,EEE
6183,ECE
6189,CSE
6198,EEE
6205,CSE
6210,EEE
6213,ECE
6224,ECE
6225,EEE
6233,CSE
6236,CSE
6242,CSE
6244,ECE
6247,ECE
6250,CSE
6258,CSE
6265,EEE
6281,EEE
6283,CSE
6294,EEE
6297,CSE
6300,EEE
6301,CSE
6303,EEE
6308,CSE
6311,EEE
6318,ECE
6321,EEE
6327,ECE
6335,ECE
6345,CSE
6351,CSE
6357,ECE
6363,EEE
6366,EEE
6368,EEE
6370,CSE
6372,ECE
6391,CSE
6396,EEE
6397,CSE
6404,CSE
6408,CSE
6414,ECE
6415,EEE
6422,EEE
6433,ECE
6438,ECE
6440,CSE
6445,CSE
6451,EEE
6454,CSE
6465,ECE
6468,ECE
6469,EEE
6473,CSE
6478,ECE
6480,EEE
6482,EEE
6498,EEE
6513,EEE
6516,EEE
6519,CSE
6520,ECE
6521,CSE
6525,EEE
6533,ECE
6536,ECE
6541,CSE
6543,ECE
6553,CSE
6555,CSE
6559,CSE
6562,ECE
6574,CSE
6576,ECE
6581,EEE
6582,EEE
6588,CSE
6594,ECE
6599,ECE
6604,ECE
6606,ECE
6614,EEE
6626,ECE
6627,CSE
6629,EEE
6633,ECE
6636,CSE
6643,ECE
6652,CSE
6656,ECE
6657,CSE
6658,ECE
6664,EEE
6667,EEE
6673,CSE
6677,CSE
6680,EEE
6688,CSE
6695,CSE
6702,ECE
6703,CSE
6705,CSE
6706,EEE
6715,CSE
6718,ECE
6720,CSE
6723,ECE
6739,ECE
6741,CSE
6742,ECE
6745,CSE
6753,EEE
6755,CSE
6762,ECE
6763,ECE
6783,EEE
6784,ECE
6789,ECE
6790,ECE
6795,ECE
6818,EEE
6819,EEE
6821,ECE
6830,CSE
6832,CSE
6833,EEE
6837,ECE
6841,CSE
6844,ECE
6847,EEE
6851,CSE
6855,CSE
6878,CSE
6881,EEE
6891,CSE
6892,CSE
6894,CSE
6898,EEE
6899,CSE
6901,ECE
6908,ECE
6913,CSE
6918,CSE
6919,CSE
6921,ECE
6924,EEE
6927,ECE
6931,ECE
6932,EEE
6936,EEE
6938,ECE
6939,EEE
6941,EEE
6946,ECE
6949,ECE
6950,EEE
6951,ECE
6957,CSE
6962,EEE
6968,EEE
6973,ECE
6977,EEE
6979,ECE
6980,CSE
6981,CSE
6987,CSE
6993,CSE
6997,ECE
7012,ECE
7024,ECE
7027,ECE
7029,ECE
7031,EEE
7037,ECE
7038,EEE
7039,ECE
7041,CSE
7046,EEE
7051,EEE
7052,CSE
7070,CSE
7076,EEE
7079,EEE
7083,CSE
7089,EEE
7091,EEE
7096,CSE
7104,ECE
7108,EEE
7119,ECE
7122,CSE
7126,ECE
7133,EEE
7137,CSE
7140,ECE
7146,EEE
7152,EEE
7155,ECE
7156,CSE
7157,CSE
7177,ECE
7185,ECE
7191,ECE
7192,EEE
7196,EEE
7199,EEE
7201,CSE
7203,CSE
7205,ECE
7208,EEE
7209,CSE
7214,ECE
7217,ECE
7219,ECE
7221,ECE
7226,ECE
7230,CSE
7233,EEE
7235,EEE
7236,CSE
7246,CSE
7252,ECE
7259,EEE
7269,ECE
7272,CSE
7278,ECE
7284,EEE
7286,ECE
7287,ECE
7291,EEE
7297,ECE
7320,ECE
7325,CSE
7337,EEE
7341,CSE
7354,ECE
7356,CSE
7359,CSE
7365,CSE
7371,ECE
7373,ECE
7374,CSE
7379,EEE
7380,EEE
7382,EEE
7388,CSE
7390,ECE
7395,ECE
7397,EEE
7409,ECE
7413,EEE
7427,ECE
7437,CSE
7449,ECE
7453,EEE
7455,ECE
7458,ECE
7459,ECE
7464,EEE
7473,ECE
7480,ECE
7485,CSE
7490,ECE
7497,EEE
7500,EEE
7503,CSE
7504,CSE
7505,CSE
7508,ECE
7509,CSE
7512,ECE
7523,CSE
7524,EEE
7531,EEE
7534,CSE
7540,CSE
7542,ECE
7548,CSE
7551,CSE
7565,CSE
7573,CSE
7578,ECE
7588,ECE
7592,EEE
7596,CSE
7597,EEE
7599,ECE
7601,CSE
7610,CSE
7622,ECE
7626,ECE
7627,EEE
7628,CSE
7632,CSE
7637,CSE
7651,CSE
7652,EEE
7680,CSE
7686,CSE
7695,EEE
7701,CSE
7702,CSE
7703,ECE
7708,ECE
7712,EEE
7717,ECE
7725,ECE
7726,EEE
7730,EEE
7731,EEE
7742,ECE
7749,ECE
7755,ECE
7767,CSE
7774,ECE
7777,CSE
7788,CSE
7789,CSE
7795,CSE
7796,ECE
7808,EEE
7810,ECE
7818,ECE
7820,CSE
7827,EEE
7831,ECE
7833,EEE
7835,CSE
7839,EEE
7841,EEE
7844,CSE
7847,ECE
7848,EEE
7852,ECE
7855,ECE
7857,ECE
7862,ECE
7866,EEE
7869,EEE
7876,CSE
7877,EEE
7880,CSE
7893,ECE
7905,CSE
7910,ECE
7932,EEE
7937,ECE
7938,CSE
7943,EEE
7957,ECE
7958,EEE
7971,CSE
7977,ECE
7983,EEE
7993,CSE
7996,EEE
7999,ECE
8013,ECE
8021,ECE
8028,EEE
8031,ECE
8035,EEE
8038,ECE
8043,ECE
8046,EEE
8069,EEE
8071,CSE
8075,CSE
8082,ECE
8087,CSE
8089,ECE
8093,CSE
8097,CSE
8098,CSE
8110,CSE
8114,ECE
8117,CSE
8119,ECE
8123,CSE
8125,ECE
8128,ECE
8135,ECE
8143,EEE
8144,CSE
8147,ECE
8148,CSE
8149,EEE
8156,EEE
8158,CSE
8160,EEE
8168,CSE
8169,CSE
8173,ECE
8183,CSE
8185,EEE
8192,ECE
8201,CSE
8206,EEE
8215,EEE
8221,ECE
8229,EEE
8231,EEE
8236,EEE
8240,EEE
8245,CSE
8250,EEE
8251,CSE
8254,ECE
8259,CSE
8268,CSE
8277,EEE
8292,CSE
8304,EEE
8305,ECE
8312,CSE
8321,ECE
8322,EEE
8324,EEE
8335,CSE
8337,ECE
8338,CSE
8341,CSE
8352,EEE
8357,EEE
8365,CSE
8367,ECE
8378,ECE
8383,EEE
8386,ECE
8391,CSE
8399,EEE
8408,ECE
8440,ECE
8444,ECE
8445,EEE
8450,CSE
8452,ECE
8453,CSE
8463,EEE
8476,EEE
8477,EEE
8479,EEE
8481,EEE
8483,CSE
8491,CSE
8493,CSE
8496,ECE
8498,ECE
8504,ECE
8507,ECE
8519,ECE
8521,ECE
8526,EEE
8527,ECE
8529,CSE
8535,CSE
8539,ECE
8545,CSE
8553,ECE
8566,EEE
8574,EEE
8576,CSE
8577,EEE
8587,CSE
8589,CSE
8593,EEE
8594,EEE
8596,CSE
8612,EEE
8618,EEE
8621,EEE
8622,CSE
8638,CSE
8649,ECE
8652,CSE
8655,ECE
8662,CSE
8669,CSE
8674,EEE
8676,ECE
8680,ECE
8681,CSE
8694,ECE
8700,EEE
8702,ECE
8703,EEE
8711,EEE
8715,ECE
8716,EEE
8718,ECE
8721,EEE
8723,ECE
8725,EEE
8728,ECE
8731,EEE
8735,EEE
8739,EEE
8747,CSE
8755,EEE
8756,CSE
8765,CSE
8770,CSE
8772,ECE
8782,ECE
8787,CSE
8793,ECE
8796,EEE
8800,CSE
8815,EEE
8835,ECE
8836,ECE
8850,EEE
8853,CSE
8855,ECE
8856,EEE
8857,EEE
8861,CSE
8865,ECE
8866,EEE
8910,EEE
8912,CSE
8916,EEE
8933,EEE
8943,CSE
8946,ECE
8949,ECE
8951,EEE
8952,EEE
8956,CSE
8958,ECE
8965,EEE
8968,ECE
8970,EEE
8972,ECE
8974,ECE
8977,EEE
8979,EEE
8981,ECE
8988,CSE
9002,EEE
9003,EEE
9007,EEE
9012,CSE
9018,ECE
9028,CSE
9031,ECE
9037,CSE
9040,EEE
9041,EEE
9047,EEE
9058,ECE
9061,CSE
9067,EEE
9073,CSE
9077,ECE
9086,ECE
9090,EEE
9094,EEE
9098,ECE
9107,ECE
9114,EEE
9123,ECE
9129,ECE
9135,ECE
9140,EEE
9143,ECE
9147,EEE
9155,EEE
9156,CSE
9163,EEE
9165,EEE
9167,CSE
9178,CSE
9183,EEE
9184,CSE
9186,EEE
9189,ECE
9194,ECE
9199,EEE
9205,ECE
9208,ECE
9214,EEE
9221,EEE
9227,ECE
9230,EEE
9233,CSE
9242,CSE
9246,ECE
9250,CSE
9251,CSE
9253,ECE
9257,ECE
9261,EEE
9263,CSE
9265,ECE
9267,EEE
9272,ECE
9273,EEE
9291,EEE
9293,EEE
9294,ECE
9300,ECE
9301,EEE
9304,CSE
9305,EEE
9311,EEE
9318,EEE
9320,EEE
9325,EEE
9328,ECE
9337,CSE
9340,EEE
9348,ECE
9353,CSE
9358,ECE
9361,ECE
9366,CSE
9373,EEE
9375,CSE
9387,EEE
9389,CSE
9399,CSE
9405,CSE
9412,EEE
9421,EEE
9422,ECE
9434,CSE
9445,EEE
9450,EEE
9454,CSE
9456,EEE
9460,ECE
9468,CSE
9471,EEE
9477,CSE
9479,ECE
9482,ECE
9484,ECE
9490,ECE
9496,EEE
9497,EEE
9503,ECE
9504,ECE
9508,ECE
9516,EEE
9520,EEE
9540,ECE
9553,CSE
9554,EEE
9560,ECE
9566,CSE
9569,CSE
9572,ECE
9590,EEE
9593,EEE
9598,ECE
9606,CSE
9608,CSE
9613,CSE
9614,CSE
9625,CSE
9627,EEE
9633,CSE
9634,CSE
9636,CSE
9638,ECE
9642,EEE
9649,EEE
9652,CSE
9653,CSE
9657,CSE
9662,ECE
9685,EEE
9686,CSE
9687,CSE
9692,CSE
9702,EEE
9722,ECE
9735,CSE
9739,CSE
9740,CSE
9743,CSE
9750,CSE
9752,ECE
9753,CSE
9757,CSE
9758,ECE
9764,EEE
9766,ECE
9768,EEE
9771,EEE
9781,EEE
9782,ECE
9789,CSE
9803,EEE
9807,EEE
9809,ECE
9812,CSE
9820,ECE
9825,CSE
9826,EEE
9829,EEE
9835,EEE
9856,CSE
9861,ECE
9863,EEE
9866,CSE
9868,EEE
9872,EEE
9885,EEE
9889,ECE
9892,CSE
9893,EEE
9902,EEE
9903,CSE
9904,CSE
9907,ECE
9912,EEE
9928,CSE
9929,EEE
9938,ECE
9947,CSE
9952,CSE
9953,ECE
9958,CSE
9960,EEE
9961,CSE
9966,ECE
9980,EEE
9985,ECE
9991,CSE
9998,ECE
10000,EEE
10004,ECE
10006,EEE
10008,CSE
10017,EEE
10019,EEE
10021,ECE
10022,ECE
10023,CSE
10024,EEE
10025,CSE
10026,EEE
10031,EEE
10032,CSE
10038,CSE
10039,CSE
10046,ECE
10047,ECE
10050,ECE
10051,CSE
10058,EEE
10059,EEE
10062,CSE
10067,EEE
10071,ECE
10072,EEE
10076,EEE
10093,EEE
10099,CSE
10100,ECE
10121,CSE
10123,CSE
10128,CSE
10130,CSE
10139,ECE
10140,ECE
10144,EEE
10148,EEE
10150,ECE
10155,ECE
10158,EEE
10159,CSE
10162,CSE
10164,ECE
10168,EEE
10169,EEE
10174,ECE
10181,CSE
10182,CSE
10195,CSE
10199,CSE
10211,EEE
10212,EEE
10215,CSE
10226,CSE
10229,CSE
10230,EEE
10232,ECE
10234,CSE
10235,CSE
10236,CSE
10243,CSE
10248,ECE
10254,ECE
10255,EEE
10260,ECE
10266,EEE
10271,ECE
10274,ECE
10277,EEE
10279,EEE
10281,EEE
10283,CSE
10287,ECE
10288,EEE
10298,EEE
10313,ECE
10318,EEE
10340,CSE
10341,EEE
10343,ECE
10345,EEE
10350,EEE
10354,CSE
10360,ECE
10362,EEE
10364,EEE
10365,EEE
10370,CSE
10371,CSE
10376,EEE
10377,ECE
10378,CSE
10386,CSE
10395,EEE
10396,EEE
10398,CSE
10400,CSE
10404,CSE
10406,EEE
10417,CSE
10418,EEE
10419,CSE
10423,EEE
10428,EEE
10437,CSE
10442,EEE
10445,CSE
10447,CSE
10451,ECE
10457,EEE
10460,EEE
10468,ECE
10469,CSE
10470,CSE
10472,EEE
10475,ECE
10478,ECE
10480,EEE
10481,ECE
10483,EEE
10484,ECE
10491,EEE
10492,ECE
10499,CSE
10510,EEE
10516,ECE
10517,ECE
10530,CSE
10531,ECE
10534,ECE
10542,CSE
10546,CSE
10557,ECE
10560,EEE
10561,CSE
10562,ECE
10569,EEE
10577,ECE
10581,ECE
10586,CSE
10589,CSE
10605,CSE
10619,CSE
10620,CSE
10622,CSE
10627,EEE
10628,EEE
10629,CSE
10646,CSE
10647,ECE
10650,EEE
10657,CSE
10662,EEE
10672,CSE
10673,ECE
10676,CSE
10678,CSE
10682,CSE
10687,CSE
10697,EEE
10701,ECE
10702,EEE
10708,CSE
10709,CSE
10710,CSE
10726,ECE
10731,EEE
10734,CSE
10739,EEE
10741,CSE
10748,EEE
10751,EEE
10753,ECE
10755,ECE
10756,ECE
10761,CSE
10762,EEE
10767,EEE
10770,CSE
10783,EEE
10789,ECE
10790,EEE
10792,EEE
10801,CSE
10803,CSE
10809,CSE
10811,CSE
10814,ECE
10816,CSE
10823,CSE
10825,ECE
10826,CSE
10827,EEE
10829,ECE
10842,ECE
10844,CSE
10864,CSE
10866,CSE
10867,EEE
10878,EEE
10880,EEE
10885,ECE
10887,CSE
10891,EEE
10898,CSE
10901,ECE
10909,CSE
10910,EEE
10911,CSE
10914,CSE
10928,CSE
10931,CSE
10939,CSE
10941,ECE
10942,CSE
10944,CSE
10945,EEE
10946,ECE
10960,EEE
10962,CSE
10973,CSE
10974,ECE
10980,ECE
10981,ECE
10982,ECE
10986,ECE
10990,CSE
10991,ECE
11001,EEE
11005,CSE
11006,CSE
11008,CSE
11010,ECE
11015,CSE
11016,EEE
11017,EEE
11021,EEE
11023,CSE
11034,CSE
11036,CSE
11041,CSE
11043,ECE
11051,CSE
11052,CSE
11055,ECE
11057,EEE
11058,ECE
11060,EEE
11062,EEE
11070,EEE
11081,ECE
11098,ECE
11100,EEE
11102,ECE
11103,EEE
11110,ECE
11113,CSE
11114,CSE
11115,ECE
11118,EEE
11122,EEE
11128,EEE
11136,CSE
11141,ECE
11144,EEE
11150,CSE
11152,ECE
11156,ECE
11162,CSE
11163,EEE
11167,CSE
11174,EEE
11181,CSE
11187,EEE
11190,CSE
11195,ECE
11197,CSE
11202,EEE
11203,ECE
11212,EEE
11222,CSE
11250,EEE
11254,ECE
11258,ECE
11261,ECE
11264,CSE
11266,CSE
11267,EEE
11269,ECE
11281,CSE
11287,EEE
11291,CSE
11294,ECE
11299,CSE
11302,EEE
11307,ECE
11315,EEE
11323,ECE
11328,EEE
11333,ECE
11336,ECE
11341,CSE
11348,EEE
11352,EEE
11353,EEE
11356,EEE
11365,CSE
11368,ECE
11381,ECE
11386,EEE
11389,CSE
11390,EEE
11394,CSE
11396,ECE
11399,ECE
11402,EEE
11418,ECE
11420,EEE
11421,EEE
11424,ECE
11431,EEE
11435,EEE
11437,EEE
11443,EEE
11447,ECE
11449,ECE
11453,EEE
11454,ECE
11461,ECE
11463,EEE
11467,ECE
11476,EEE
11480,ECE
11482,ECE
11483,CSE
11495,ECE
11498,EEE
11504,EEE
11508,EEE
11509,ECE
11515,ECE
11517,EEE
11525,EEE
11527,EEE
11534,EEE
11539,EEE
11545,ECE
11546,CSE
11558,ECE
11567,ECE
11571,EEE
11586,ECE
11587,ECE
11590,CSE
11591,ECE
11597,EEE
11601,ECE
11606,CSE
11611,ECE
11621,CSE
11622,ECE
11625,CSE
11627,CSE
11629,CSE
11634,EEE
11637,ECE
11650,EEE
11662,CSE
11666,CSE
11667,ECE
11675,ECE
11677,EEE
11679,CSE
11681,ECE
11682,EEE
11688,EEE
11693,EEE
11697,EEE
11701,ECE
11718,CSE
11719,CSE
11720,EEE
11722,CSE
11724,EEE
11725,ECE
11730,CSE
11731,ECE
11733,ECE
11736,ECE
11741,CSE
11743,EEE
11747,CSE
11748,CSE
11761,ECE
11764,ECE
11778,CSE
11783,EEE
11803,CSE
11808,CSE
11809,ECE
11814,CSE
11824,ECE
11829,EEE
11841,ECE
11843,EEE
11847,ECE
11850,EEE
11852,ECE
11856,CSE
11860,ECE
11863,CSE
11886,EEE
11887,CSE
11889,ECE
11897,EEE
11903,CSE
11906,ECE
11913,EEE
11934,ECE
11935,EEE
11937,CSE
11938,ECE
11943,CSE
11949,EEE
11950,CSE
11951,EEE
11959,EEE
11961,EEE
11969,ECE
11971,CSE
11978,ECE
11980,CSE
11981,CSE
11983,ECE
11994,EEE
12002,EEE
12013,EEE
12014,CSE
12017,ECE
12018,ECE
12021,CSE
12028,EEE
12045,ECE
12051,EEE
12055,CSE
12067,EEE
12069,EEE
12072,EEE
12074,ECE
12077,EEE
12079,CSE
12081,EEE
12086,EEE
12097,CSE
12098,CSE
12102,CSE
12108,CSE
12110,CSE
12120,ECE
12130,EEE
12137,CSE
12143,EEE
12149,CSE
12153,ECE
12155,ECE
12160,EEE
12163,ECE
12165,EEE
12169,ECE
12193,ECE
12196,EEE
12201,EEE
12207,ECE
12210,ECE
12211,EEE
12214,CSE
12228,EEE
12233,EEE
12236,ECE
12237,CSE
12239,ECE
12243,CSE
12247,CSE
12249,CSE
12252,CSE
12256,ECE
12258,CSE
12263,ECE
12266,EEE
12287,EEE
12289,EEE
12291,ECE
12292,EEE
12293,EEE
12295,CSE
12297,ECE
12299,EEE
12300,EEE
12304,CSE
12306,ECE
12310,CSE
12315,EEE
12325,EEE
12329,CSE
12338,ECE
12341,EEE
12355,CSE
12361,ECE
12369,ECE
12373,ECE
12380,ECE
12387,EEE
12397,ECE
12400,CSE
12401,CSE
12413,ECE
12417,CSE
12421,EEE
12427,CSE
12430,CSE
12434,EEE
12439,CSE
12443,ECE
12452,ECE
12458,ECE
12465,CSE
12470,ECE
12472,CSE
12474,ECE
12480,EEE
12488,ECE
12490,EEE
12500,ECE
12507,CSE
12508,CSE
12517,CSE
12519,EEE
12521,ECE
12528,CSE
12529,CSE
12530,EEE
12541,CSE
12544,EEE
12546,ECE
12548,CSE
12551,CSE
12553,ECE
12555,CSE
12556,ECE
12557,CSE
12559,ECE
12567,ECE
12586,ECE
12587,EEE
12588,ECE
12594,ECE
12597,EEE
12599,EEE
12605,CSE
12610,ECE
12613,ECE
12623,CSE
12627,CSE
12633,EEE
12638,EEE
12639,ECE
12640,CSE
12649,EEE
12658,CSE
12659,ECE
12663,ECE
12665,CSE
12669,ECE
12678,ECE
12682,ECE
12684,EEE
12685,ECE
12691,EEE
12700,EEE
12702,CSE
12707,CSE
12713,EEE
12718,EEE
12728,CSE
12730,ECE
12744,EEE
12745,ECE
12752,EEE
12753,CSE
12755,EEE
12757,EEE
12763,ECE
12767,CSE
12770,CSE
12786,EEE
12788,CSE
12797,ECE
12800,EEE
12801,EEE
12810,EEE
12811,EEE
12818,ECE
12821,ECE
12823,CSE
12845,EEE
12849,ECE
12851,EEE
12853,EEE
12855,EEE
12856,EEE
12865,ECE
12868,ECE
12870,CSE
12871,EEE
12873,CSE
12882,EEE
12888,ECE
12892,CSE
12896,ECE
12905,ECE
12907,EEE
12913,CSE
12926,EEE
12929,EEE
12937,CSE
12938,EEE
12944,CSE
12946,CSE
12948,ECE
12959,ECE
12965,ECE
12974,EEE
12982,EEE
12985,ECE
12988,CSE
12989,ECE
13000,EEE
13009,CSE
13015,ECE
13024,CSE
13026,EEE
13029,CSE
13030,EEE
13032,EEE
13035,CSE
13042,EEE
13057,CSE
13068,CSE
13069,CSE
13070,EEE
13082,CSE
13084,ECE
13088,CSE
13089,EEE
13093,EEE
13098,CSE
13099,CSE
13101,ECE
13103,EEE
13104,ECE
13107,CSE
13115,CSE
13128,ECE
13131,EEE
13136,ECE
13138,CSE
13142,EEE
13146,CSE
13148,ECE
13153,ECE
13154,EEE
13158,EEE
13161,CSE
13178,ECE
13182,ECE
13183,EEE
13187,ECE
13200,CSE
13201,EEE
13207,EEE
13210,CSE
13218,EEE
13220,EEE
13222,CSE
13227,ECE
13228,ECE
13231,ECE
13233,CSE
13237,ECE
13240,CSE
13248,EEE
13249,ECE
13258,ECE
13263,CSE
13266,ECE
13277,EEE
13281,EEE
13284,EEE
13292,EEE
13293,ECE
13295,EEE
13307,CSE
13312,EEE
13319,EEE
13325,EEE
13327,CSE
13332,ECE
13334,CSE
13338,EEE
13339,ECE
13340,ECE
13346,CSE
13347,ECE
13356,CSE
13359,CSE
13369,EEE
13373,ECE
13375,ECE
13379,ECE
13380,EEE
13384,CSE
13385,ECE
13386,CSE
13391,CSE
13392,ECE
13394,CSE
13396,CSE
13397,ECE
13409,ECE
13411,EEE
13412,EEE
13418,CSE
13422,EEE
13425,ECE
13428,CSE
13435,EEE
13436,ECE
13442,CSE
13445,EEE
13451,ECE
13461,ECE
13463,CSE
13464,ECE
13467,ECE
13470,ECE
13471,EEE
13474,EEE
13478,CSE
13483,EEE
13487,EEE
13488,ECE
13489,EEE
13491,ECE
13496,EEE
13501,EEE
13503,ECE
13504,EEE
13510,CSE
13511,CSE
13519,ECE
13526,CSE
13527,EEE
13534,ECE
13536,ECE
13538,CSE
13541,CSE
13543,CSE
13547,CSE
13563,EEE
13574,CSE
13577,ECE
13578,EEE
13579,CSE
13581,ECE
13587,EEE
13589,CSE
13593,ECE
13616,CSE
13617,CSE
13619,EEE
13623,ECE
13625,EEE
13633,ECE
13635,EEE
13644,CSE
13648,CSE
13650,ECE
13657,EEE
13658,EEE
13667,ECE
13675,CSE
13684,ECE
13689,CSE
13694,EEE
13708,CSE
13721,EEE
13723,EEE
13738,CSE
13744,CSE
13745,EEE
13756,EEE
13761,ECE
13766,ECE
13769,ECE
13773,ECE
13774,ECE
13777,ECE
13790,CSE
13805,ECE
13810,CSE
13830,CSE
13835,ECE
13838,CSE
13839,ECE
13842,ECE
13843,CSE
13855,ECE
13856,CSE
13860,EEE
13861,CSE
13864,ECE
13865,CSE
13875,CSE
13877,ECE
13888,EEE
13891,CSE
13898,EEE
13899,CSE
13901,CSE
13907,ECE
13908,EEE
13920,EEE
13923,EEE
13929,ECE
13939,CSE
13942,CSE
13956,CSE
13959,ECE
13962,CSE
13963,EEE
13964,EEE
13966,CSE
13972,CSE
13978,EEE
13982,EEE
13988,CSE
13998,ECE
14001,EEE
14002,CSE
14006,EEE
14018,CSE
14021,CSE
14028,EEE
14032,CSE
14040,CSE
14047,CSE
14050,ECE
14053,CSE
14057,EEE
14061,ECE
14063,CSE
14065,CSE
14066,CSE
14069,EEE
14073,CSE
14082,CSE
14086,CSE
14088,ECE
14091,ECE
14092,EEE
14093,EEE
14098,CSE
14100,EEE
14102,EEE
14106,ECE
14109,CSE
14110,CSE
14112,CSE
14114,EEE
14116,EEE
14121,ECE
14124,CSE
14129,EEE
14134,ECE
14135,ECE
14140,ECE
14142,ECE
14145,ECE
14148,CSE
14150,EEE
14154,EEE
14159,CSE
14173,CSE
14181,ECE
14182,CSE
14193,ECE
14194,CSE
14207,ECE
14208,ECE
14210,CSE
14221,EEE
14233,ECE
14235,CSE
14255,EEE
14259,ECE
14260,CSE
14263,ECE
14264,EEE
14266,ECE
14269,CSE
14270,ECE
14290,ECE
14293,CSE
14300,EEE
14310,EEE
14311,EEE
14314,EEE
14315,EEE
14324,ECE
14325,ECE
14326,EEE
14335,ECE
14360,CSE
14364,EEE
14366,CSE
14371,CSE
14372,EEE
14374,EEE
14378,ECE
14380,ECE
14385,CSE
14392,ECE
14397,EEE
14398,EEE
14400,CSE
14401,EEE
14404,CSE
14405,CSE
14410,ECE
14416,ECE
14429,EEE
14434,CSE
14439,CSE
14444,CSE
14446,EEE
14455,ECE
14456,ECE
14460,EEE
14470,ECE
14471,ECE
14473,CSE
14485,ECE
14490,EEE
14503,EEE
14504,ECE
14506,ECE
14507,EEE
14516,ECE
14518,CSE
14521,EEE
14524,EEE
14526,ECE
14527,CSE
14533,EEE
14535,CSE
14536,EEE
14539,ECE
14542,EEE
14548,CSE
14554,EEE
14558,ECE
14563,EEE
14565,ECE
14566,CSE
14567,ECE
14577,ECE
14587,EEE
14589,ECE
14592,ECE
14597,EEE
14599,ECE
14601,EEE
14604,CSE
14611,EEE
14622,EEE
14625,EEE
14626,ECE
14632,CSE
14634,EEE
14637,CSE
14649,EEE
14655,CSE
14660,CSE
14661,EEE
14666,EEE
14667,CSE
14672,CSE
14679,CSE
14686,CSE
14688,CSE
14692,ECE
14704,EEE
14712,CSE
14714,ECE
14721,EEE
14722,ECE
14726,CSE
14727,CSE
14730,EEE
14743,CSE
14749,EEE
14752,ECE
14760,EEE
14761,CSE
14766,CSE
14769,ECE
14770,CSE
14772,EEE
14780,CSE
14792,CSE
14795,ECE
14802,ECE
14804,ECE
14808,CSE
14819,ECE
14823,EEE
14828,CSE
14842,CSE
14846,CSE
14847,ECE
14894,ECE
14902,CSE
14906,EEE
14909,EEE
14912,CSE
14914,EEE
14917,EEE
14924,EEE
14926,ECE
14935,CSE
14941,CSE
14948,ECE
14955,ECE
14964,ECE
14965,EEE
14966,EEE
14975,EEE
14987,ECE
14992,EEE
14995,CSE
15001,EEE
15005,EEE
15006,ECE
15015,EEE
15019,CSE
15024,ECE
15026,EEE
15028,ECE
15042,ECE
15048,ECE
15054,EEE
15058,EEE
15067,CSE
15070,EEE
15088,CSE
15102,EEE
15111,ECE
15113,ECE
15121,ECE
15129,CSE
15138,CSE
15140,EEE
15141,EEE
15142,CSE
15144,EEE
15148,CSE
15152,CSE
15161,CSE
15166,EEE
15172,ECE
15175,CSE
15177,EEE
15179,ECE
15180,ECE
15182,ECE
15184,EEE
15187,ECE
15190,ECE
15200,ECE
15203,EEE
15207,EEE
15213,ECE
15214,CSE
15224,ECE
15227,CSE
15230,ECE
15238,ECE
15241,CSE
15244,ECE
15248,ECE
15251,CSE
15261,EEE
15270,EEE
15271,CSE
15272,ECE
15277,CSE
15288,ECE
15289,EEE
15296,ECE
15298,ECE
15300,CSE
15304,ECE
15305,EEE
15306,EEE
15308,CSE
15309,ECE
15326,CSE
15327,ECE
15329,ECE
15335,EEE
15343,EEE
15347,CSE
15355,ECE
15358,EEE
15367,EEE
15369,CSE
15381,ECE
15384,EEE
15386,ECE
15390,CSE
15391,EEE
15392,EEE
15397,ECE
15404,EEE
15420,ECE
15429,ECE
15430,CSE
15432,ECE
15437,ECE
15438,ECE
15440,ECE
15455,CSE
15456,ECE
15466,ECE
15467,EEE
15472,ECE
15478,EEE
15479,CSE
15480,EEE
15481,ECE
15483,EEE
15485,ECE
15487,CSE
15492,EEE
15495,CSE
15502,EEE
15507,EEE
15508,ECE
15518,EEE
15520,EEE
15522,CSE
15523,EEE
15530,EEE
15534,ECE
15536,CSE
15538,CSE
15539,ECE
15555,CSE
15562,EEE
15565,EEE
15570,CSE
15575,CSE
15577,ECE
15582,EEE
15596,ECE
15597,CSE
15599,EEE
15600,EEE
15603,ECE
15604,ECE
15606,ECE
15607,EEE
15610,ECE
15613,EEE
15614,CSE
15617,ECE
15619,CSE
15629,ECE
15630,ECE
15632,EEE
15639,EEE
15651,ECE
15654,EEE
15655,ECE
15663,ECE
15667,EEE
15668,EEE
15669,EEE
15671,CSE
15672,CSE
15676,ECE
15677,EEE
15682,CSE
15683,CSE
15691,CSE
15702,EEE
15710,EEE
15711,CSE
15712,ECE
15714,EEE
15719,ECE
15721,EEE
15725,ECE
15726,CSE
15729,EEE
15734,EEE
15741,EEE
15745,EEE
15747,CSE
15750,ECE
15775,CSE
15776,EEE
15779,CSE
15784,ECE
15787,ECE
15788,EEE
15798,CSE
15801,ECE
15810,CSE
15817,CSE
15819,CSE
15824,CSE
15828,EEE
15835,CSE
15839,ECE
15841,CSE
15842,ECE
15857,CSE
15858,CSE
15859,EEE
15866,CSE
15872,EEE
15875,CSE
15881,ECE
15884,EEE
15886,EEE
15888,CSE
15893,EEE
15898,CSE
15899,ECE
15907,ECE
15908,CSE
15911,CSE
15913,EEE
15914,CSE
15915,CSE
15916,CSE
15918,ECE
15919,ECE
15920,CSE
15924,CSE
15933,CSE
15937,EEE
15943,EEE
15948,ECE
15949,EEE
15952,EEE
15962,ECE
15971,EEE
15981,EEE
15984,EEE
15985,ECE
15988,EEE
16002,CSE
16004,ECE
16006,ECE
16013,ECE
16014,CSE
16023,ECE
16027,EEE
16029,CSE
16050,CSE
16052,ECE
16056,CSE
16057,ECE
16067,CSE
16074,CSE
16085,CSE
16088,EEE
16105,ECE
16108,EEE
16128,ECE
16130,ECE
16131,ECE
16142,EEE
16146,EEE
16148,CSE
16153,EEE
16155,CSE
16158,EEE
16165,ECE
16174,EEE
16180,ECE
16185,ECE
16206,CSE
16214,EEE
16219,ECE
16229,CSE
16239,ECE
16241,CSE
16249,EEE
16251,CSE
16252,ECE
16254,EEE
16257,CSE
16258,CSE
16259,EEE
16270,EEE
16273,EEE
16277,EEE
16286,CSE
16288,EEE
16289,EEE
16290,CSE
16294,EEE
16296,CSE
16298,ECE
16303,EEE
16304,EEE
16316,ECE
16317,ECE
16318,CSE
16325,EEE
16330,EEE
16333,CSE
16334,CSE
16339,EEE
16348,CSE
16352,CSE
16357,ECE
16361,ECE
16362,ECE
16386,CSE
16391,EEE
16398,EEE
16402,EEE
16409,CSE
16410,ECE
16421,ECE
16432,CSE
16436,CSE
16440,ECE
16441,CSE
16445,ECE
16450,EEE
16460,ECE
16461,CSE
16466,CSE
16499,CSE
16504,ECE
16509,ECE
16513,EEE
16520,EEE
16527,EEE
16529,CSE
16539,ECE
16542,CSE
16545,EEE
16556,EEE
16557,CSE
16561,CSE
16571,ECE
16579,CSE
16582,EEE
16586,EEE
16588,CSE
16591,ECE
16592,CSE
16593,EEE
16605,CSE
16607,ECE
16617,EEE
16637,EEE
16638,ECE
16640,ECE
16645,CSE
16649,CSE
16652,CSE
16660,EEE
16671,ECE
16675,CSE
16676,EEE
16682,ECE
16683,CSE
16684,EEE
16685,EEE
16690,CSE
16695,ECE
16702,CSE
16713,ECE
16717,EEE
16727,CSE
16735,ECE
16740,ECE
16741,CSE
16746,ECE
16748,CSE
16753,EEE
16755,EEE
16757,ECE
16778,ECE
16786,ECE
16790,CSE
16796,CSE
16798,ECE
16799,EEE
16802,ECE
16810,EEE
16822,ECE
16828,EEE
16832,ECE
16840,ECE
16846,ECE
16858,ECE
16859,CSE
16867,CSE
16871,CSE
16882,CSE
16894,EEE
16897,EEE
16900,CSE
16904,ECE
16912,ECE
16914,ECE
16923,CSE
16925,ECE
16928,ECE
16929,ECE
16933,EEE
16942,CSE
16943,EEE
16944,EEE
16954,EEE
16960,ECE
16983,EEE
16985,EEE
16987,CSE
16988,ECE
16989,CSE
16996,CSE
17004,ECE
17008,ECE
17011,ECE
17018,CSE
17019,ECE
17021,CSE
17022,CSE
17026,ECE
17030,CSE
17033,EEE
17034,ECE
17044,CSE
17045,ECE
17047,EEE
17052,CSE
17055,ECE
17058,CSE
17062,ECE
17069,CSE
17072,CSE
17073,CSE
17077,ECE
17085,EEE
17086,EEE
17087,CSE
17091,CSE
17093,CSE
17096,CSE
17106,CSE
17115,CSE
17116,EEE
17118,EEE
17120,CSE
17123,ECE
17126,ECE
17130,CSE
17132,CSE
17146,EEE
17156,ECE
17159,ECE
17163,ECE
17165,CSE
17170,ECE
17175,EEE
17178,ECE
17183,EEE
17185,EEE
17187,CSE
17210,EEE
17218,EEE
17219,EEE
17224,CSE
17225,CSE
17227,EEE
17232,CSE
17249,EEE
17252,CSE
17256,CSE
17260,ECE
17265,CSE
17268,ECE
17272,EEE
17275,EEE
17277,CSE
17286,CSE
17290,EEE
17292,CSE
17293,ECE
17302,CSE
17303,ECE
17304,CSE
17308,EEE
17312,EEE
17313,EEE
17315,ECE
17326,ECE
17335,CSE
17336,EEE
17338,CSE
17340,CSE
17341,ECE
17342,ECE
17349,CSE
17350,EEE
17353,CSE
17355,ECE
17357,CSE
17359,CSE
17360,EEE
17363,CSE
17371,EEE
17379,ECE
17381,CSE
17392,CSE
17399,CSE
17401,EEE
17402,CSE
17404,CSE
17406,ECE
17411,ECE
17417,EEE
17422,EEE
17432,CSE
17434,EEE
17450,EEE
17452,ECE
17457,EEE
17462,ECE
17469,EEE
17473,EEE
17478,ECE
17485,EEE
17497,CSE
17501,EEE
17502,ECE
17503,EEE
17516,EEE
17530,ECE
17531,CSE
17533,ECE
17535,CSE
17536,ECE
17538,EEE
17550,CSE
17551,ECE
17552,EEE
17553,EEE
17554,CSE
17558,EEE
17560,EEE
17564,CSE
17567,CSE
17574,EEE
17579,CSE
17581,ECE
17582,CSE
17594,ECE
17595,CSE
17596,EEE
17598,EEE
17599,ECE
17605,EEE
17612,CSE
17613,ECE
17621,ECE
17623,CSE
17625,ECE
17636,ECE
17651,ECE
17657,ECE
17663,ECE
17672,ECE
17673,ECE
17675,EEE
17681,EEE
17690,CSE
17693,EEE
17696,CSE
17707,CSE
17713,CSE
17717,EEE
17726,CSE
17727,CSE
17730,CSE
17731,ECE
17740,EEE
17742,CSE
17749,EEE
17762,EEE
17763,ECE
17766,CSE
17769,ECE
17781,CSE
17794,EEE
17800,ECE
17801,EEE
17805,ECE
17812,ECE
17813,EEE
17816,CSE
17817,ECE
17820,ECE
17822,ECE
17828,CSE
17830,CSE
17832,CSE
17839,ECE
17840,ECE
17843,CSE
17845,CSE
17846,CSE
17854,CSE
17855,CSE
17856,CSE
17857,CSE
17868,CSE
17876,EEE
17879,EEE
17881,EEE
17883,ECE
17892,EEE
17893,ECE
17897,CSE
17907,CSE
17908,ECE
17911,EEE
17912,EEE
17923,CSE
17924,ECE
17927,EEE
17937,CSE
17939,EEE
17945,CSE
17949,EEE
17957,ECE
17961,CSE
17962,ECE
17965,EEE
17969,ECE
17970,ECE
17977,CSE
17982,CSE
17985,ECE
17986,ECE
17988,ECE
17989,ECE
17990,EEE
17996,EEE
17998,CSE
18000,EEE
18008,EEE
18011,EEE
18013,CSE
18016,ECE
18025,ECE
18030,CSE
18052,ECE
18061,CSE
18067,CSE
18072,EEE
18074,EEE
18076,CSE
18082,ECE
18090,ECE
18096,EEE
18098,ECE
18100,ECE
18101,EEE
18103,CSE
18105,CSE
18108,EEE
18125,EEE
18131,CSE
18132,EEE
18141,ECE
18151,ECE
18158,CSE
18169,CSE
18170,CSE
18176,CSE
18178,EEE
18182,ECE
18195,CSE
18201,ECE
18206,ECE
18208,EEE
18211,CSE
18218,CSE
18222,CSE
18223,CSE
18227,CSE
18229,ECE
18237,EEE
18240,EEE
18249,EEE
18259,ECE
18263,EEE
18271,EEE
18272,CSE
18276,EEE
18279,CSE
18280,CSE
18281,CSE
18288,EEE
18293,ECE
18295,CSE
18298,EEE
18299,ECE
18303,ECE
18305,EEE
18309,ECE
18310,ECE
18316,ECE
18320,CSE
18324,ECE
18334,CSE
18339,CSE
18340,EEE
18349,CSE
18350,ECE
18352,CSE
18355,ECE
18356,EEE
18357,CSE
18365,CSE
18370,CSE
18372,ECE
18374,ECE
18375,EEE
18399,CSE
18401,CSE
18410,ECE
18416,CSE
18425,ECE
18430,CSE
18432,CSE
18442,ECE
18453,EEE
18458,CSE
18459,CSE
18463,EEE
18469,ECE
18477,EEE
18486,EEE
18496,EEE
18499,CSE
18504,ECE
18506,ECE
18519,EEE
18531,ECE
18532,CSE
18539,CSE
18540,CSE
18543,EEE
18549,CSE
18552,CSE
18558,CSE
18559,EEE
18561,EEE
18564,ECE
18574,CSE
18586,EEE
18591,CSE
18593,ECE
18595,EEE
18598,EEE
18605,CSE
18607,EEE
18608,CSE
18613,CSE
18617,CSE
18618,ECE
18625,CSE
18628,CSE
18630,EEE
18632,EEE
18638,ECE
18643,ECE
18652,CSE
18653,EEE
18654,EEE
18655,EEE
18657,EEE
18659,CSE
18665,CSE
18671,ECE
18672,ECE
18674,ECE
18685,ECE
18694,ECE
18699,ECE
18700,CSE
18702,EEE
18704,CSE
18707,EEE
18708,CSE
18709,CSE
18712,CSE
18715,ECE
18717,EEE
18719,CSE
18728,CSE
18733,ECE
18734,ECE
18735,ECE
18736,ECE
18747,CSE
18750,EEE
18770,EEE
18774,EEE
18777,EEE
18787,EEE
18789,EEE
18791,ECE
18795,ECE
18796,EEE
18797,EEE
18799,ECE
18801,ECE
18808,ECE
18814,CSE
18823,EEE
18830,CSE
18842,EEE
18853,EEE
18865,ECE
18869,EEE
18870,CSE
18872,ECE
18879,CSE
18884,CSE
18889,ECE
18893,EEE
18900,ECE
18903,ECE
18905,EEE
18906,ECE
18908,EEE
18912,CSE
18913,CSE
18915,ECE
18918,CSE
18921,ECE
18929,CSE
18930,CSE
18932,ECE
18942,EEE
18955,CSE
18957,CSE
18958,ECE
18960,ECE
18963,CSE
18966,EEE
18983,CSE
18999,CSE
19002,EEE
19013,EEE
19016,CSE
19076,CSE
19077,ECE
19084,EEE
19092,CSE
19105,EEE
19123,EEE
19125,EEE
19128,ECE
19135,CSE
19149,ECE
19157,EEE
19162,CSE
19164,EEE
19167,ECE
19168,CSE
19172,ECE
19180,EEE
19182,EEE
19184,ECE
19187,CSE
19196,EEE
19215,ECE
19217,CSE
19221,CSE
19226,CSE
19233,CSE
19234,ECE
19239,EEE
19240,ECE
19241,EEE
19247,ECE
19268,ECE
19274,EEE
19284,CSE
19285,EEE
19301,EEE
19302,EEE
19303,EEE
19304,CSE
19308,CSE
19318,EEE
19320,CSE
19322,CSE
19330,EEE
19331,ECE
19334,EEE
19338,ECE
19345,CSE
19346,ECE
19347,CSE
19353,CSE
19356,CSE
19364,ECE
19366,CSE
19371,CSE
19374,ECE
19376,ECE
19385,ECE
19395,CSE
19402,EEE
19406,EEE
19411,CSE
19414,CSE
19429,CSE
19432,CSE
19434,EEE
19436,CSE
19439,EEE
19441,CSE
19445,ECE
19454,ECE
19457,CSE
19458,ECE
19469,ECE
19473,ECE
19476,CSE
19477,CSE
19478,ECE
19480,CSE
19484,EEE
19487,CSE
19491,ECE
19497,EEE
19506,ECE
19508,CSE
19510,CSE
19511,ECE
19512,CSE
19518,EEE
19520,CSE
19524,CSE
19530,CSE
19532,ECE
19539,EEE
19542,CSE
19543,EEE
19546,CSE
19553,EEE
19557,EEE
19570,ECE
19575,CSE
19586,CSE
19589,EEE
19606,EEE
19617,ECE
19626,CSE
19635,CSE
19636,CSE
19640,ECE
19646,ECE
19649,CSE
19651,CSE
19653,ECE
19655,ECE
19659,EEE
19662,EEE
19674,EEE
19676,CSE
19693,ECE
19700,EEE
19704,CSE
19708,EEE
19710,ECE
19715,ECE
